tid,vid,tname,vname,otid,ovid,otname,ovname
68000010,001,桃園市桃園區,文化里,10003010,001,桃園縣桃園市,文化里
68000010,002,桃園市桃園區,文明里,10003010,002,桃園縣桃園市,文明里
68000010,003,桃園市桃園區,武陵里,10003010,003,桃園縣桃園市,武陵里
68000010,004,桃園市桃園區,大林里,10003010,004,桃園縣桃園市,大林里
68000010,005,桃園市桃園區,忠義里,10003010,005,桃園縣桃園市,忠義里
68000010,006,桃園市桃園區,會稽里,10003010,006,桃園縣桃園市,會稽里
68000010,007,桃園市桃園區,長美里,10003010,007,桃園縣桃園市,長美里
68000010,008,桃園市桃園區,民生里,10003010,008,桃園縣桃園市,民生里
68000010,009,桃園市桃園區,永興里,10003010,009,桃園縣桃園市,永興里
68000010,010,桃園市桃園區,汴洲里,10003010,010,桃園縣桃園市,汴洲里
68000010,011,桃園市桃園區,永安里,10003010,011,桃園縣桃園市,永安里
68000010,012,桃園市桃園區,東埔里,10003010,012,桃園縣桃園市,東埔里
68000010,013,桃園市桃園區,東門里,10003010,013,桃園縣桃園市,東門里
68000010,014,桃園市桃園區,東山里,10003010,014,桃園縣桃園市,東山里
68000010,015,桃園市桃園區,萬壽里,10003010,015,桃園縣桃園市,萬壽里
68000010,016,桃園市桃園區,長安里,10003010,016,桃園縣桃園市,長安里
68000010,017,桃園市桃園區,中埔里,10003010,017,桃園縣桃園市,中埔里
68000010,018,桃園市桃園區,西埔里,10003010,018,桃園縣桃園市,西埔里
68000010,019,桃園市桃園區,西門里,10003010,019,桃園縣桃園市,西門里
68000010,020,桃園市桃園區,中和里,10003010,020,桃園縣桃園市,中和里
68000010,021,桃園市桃園區,文昌里,10003010,021,桃園縣桃園市,文昌里
68000010,022,桃園市桃園區,新埔里,10003010,022,桃園縣桃園市,新埔里
68000010,023,桃園市桃園區,中山里,10003010,023,桃園縣桃園市,中山里
68000010,024,桃園市桃園區,慈文里,10003010,024,桃園縣桃園市,慈文里
68000010,025,桃園市桃園區,西湖里,10003010,025,桃園縣桃園市,西湖里
68000010,026,桃園市桃園區,南門里,10003010,026,桃園縣桃園市,南門里
68000010,027,桃園市桃園區,南華里,10003010,027,桃園縣桃園市,南華里
68000010,028,桃園市桃園區,玉山里,10003010,028,桃園縣桃園市,玉山里
68000010,029,桃園市桃園區,中成里,10003010,029,桃園縣桃園市,中成里
68000010,030,桃園市桃園區,中正里,10003010,030,桃園縣桃園市,中正里
68000010,031,桃園市桃園區,北門里,10003010,031,桃園縣桃園市,北門里
68000010,032,桃園市桃園區,雲林里,10003010,032,桃園縣桃園市,雲林里
68000010,033,桃園市桃園區,福林里,10003010,033,桃園縣桃園市,福林里
68000010,034,桃園市桃園區,光興里,10003010,034,桃園縣桃園市,光興里
68000010,035,桃園市桃園區,龍山里,10003010,035,桃園縣桃園市,龍山里
68000010,036,桃園市桃園區,龍岡里,10003010,036,桃園縣桃園市,龍岡里
68000010,037,桃園市桃園區,成功里,10003010,037,桃園縣桃園市,成功里
68000010,038,桃園市桃園區,青溪里,10003010,038,桃園縣桃園市,青溪里
68000010,039,桃園市桃園區,朝陽里,10003010,039,桃園縣桃園市,朝陽里
68000010,040,桃園市桃園區,中興里,10003010,040,桃園縣桃園市,中興里
68000010,041,桃園市桃園區,豐林里,10003010,041,桃園縣桃園市,豐林里
68000010,042,桃園市桃園區,建國里,10003010,042,桃園縣桃園市,建國里
68000010,043,桃園市桃園區,大豐里,10003010,043,桃園縣桃園市,大豐里
68000010,044,桃園市桃園區,福安里,10003010,044,桃園縣桃園市,福安里
68000010,045,桃園市桃園區,三民里,10003010,045,桃園縣桃園市,三民里
68000010,046,桃園市桃園區,大興里,10003010,046,桃園縣桃園市,大興里
68000010,047,桃園市桃園區,春日里,10003010,047,桃園縣桃園市,春日里
68000010,048,桃園市桃園區,信光里,10003010,048,桃園縣桃園市,信光里
68000010,049,桃園市桃園區,中寧里,10003010,049,桃園縣桃園市,中寧里
68000010,050,桃園市桃園區,同安里,10003010,050,桃園縣桃園市,同安里
68000010,051,桃園市桃園區,莊敬里,10003010,051,桃園縣桃園市,莊敬里
68000010,052,桃園市桃園區,文中里,10003010,052,桃園縣桃園市,文中里
68000010,053,桃園市桃園區,泰山里,10003010,053,桃園縣桃園市,泰山里
68000010,054,桃園市桃園區,中路里,10003010,054,桃園縣桃園市,中路里
68000010,055,桃園市桃園區,中德里,10003010,055,桃園縣桃園市,中德里
68000010,056,桃園市桃園區,龍祥里,10003010,056,桃園縣桃園市,龍祥里
68000010,057,桃園市桃園區,大有里,10003010,057,桃園縣桃園市,大有里
68000010,058,桃園市桃園區,寶山里,10003010,058,桃園縣桃園市,寶山里
68000010,059,桃園市桃園區,龍鳳里,10003010,059,桃園縣桃園市,龍鳳里
68000010,060,桃園市桃園區,龍安里,10003010,060,桃園縣桃園市,龍安里
68000010,061,桃園市桃園區,自強里,10003010,061,桃園縣桃園市,自強里
68000010,062,桃園市桃園區,中信里,10003010,062,桃園縣桃園市,中信里
68000010,063,桃園市桃園區,長德里,10003010,063,桃園縣桃園市,長德里
68000010,064,桃園市桃園區,中平里,10003010,064,桃園縣桃園市,中平里
68000010,065,桃園市桃園區,中原里,10003010,065,桃園縣桃園市,中原里
68000010,066,桃園市桃園區,中泰里,10003010,066,桃園縣桃園市,中泰里
68000010,067,桃園市桃園區,南埔里,10003010,067,桃園縣桃園市,南埔里
68000010,068,桃園市桃園區,寶慶里,10003010,068,桃園縣桃園市,寶慶里
68000010,069,桃園市桃園區,北埔里,10003010,069,桃園縣桃園市,北埔里
68000010,070,桃園市桃園區,中聖里,10003010,070,桃園縣桃園市,中聖里
68000010,071,桃園市桃園區,龍壽里,10003010,071,桃園縣桃園市,龍壽里
68000010,072,桃園市桃園區,同德里,10003010,072,桃園縣桃園市,同德里
68000010,073,桃園市桃園區,明德里,10003010,073,桃園縣桃園市,明德里
68000010,074,桃園市桃園區,寶安里,10003010,074,桃園縣桃園市,寶安里
68000010,075,桃園市桃園區,瑞慶里,10003010,075,桃園縣桃園市,瑞慶里
68000010,076,桃園市桃園區,三元里,10003010,076,桃園縣桃園市,三元里
68000020,001,桃園市中壢區,龍平里,10003020,001,桃園縣中壢市,龍平里
68000020,002,桃園市中壢區,龍昌里,10003020,002,桃園縣中壢市,龍昌里
68000020,003,桃園市中壢區,仁德里,10003020,003,桃園縣中壢市,仁德里
68000020,004,桃園市中壢區,永興里,10003020,004,桃園縣中壢市,永興里
68000020,005,桃園市中壢區,內壢里,10003020,005,桃園縣中壢市,內壢里
68000020,006,桃園市中壢區,成功里,10003020,006,桃園縣中壢市,成功里
68000020,007,桃園市中壢區,光明里,10003020,007,桃園縣中壢市,光明里
68000020,008,桃園市中壢區,自立里,10003020,008,桃園縣中壢市,自立里
68000020,009,桃園市中壢區,自強里,10003020,009,桃園縣中壢市,自強里
68000020,010,桃園市中壢區,中堅里,10003020,010,桃園縣中壢市,中堅里
68000020,011,桃園市中壢區,龍興里,10003020,011,桃園縣中壢市,龍興里
68000020,012,桃園市中壢區,仁美里,10003020,012,桃園縣中壢市,仁美里
68000020,013,桃園市中壢區,仁愛里,10003020,013,桃園縣中壢市,仁愛里
68000020,014,桃園市中壢區,新街里,10003020,014,桃園縣中壢市,新街里
68000020,015,桃園市中壢區,中央里,10003020,015,桃園縣中壢市,中央里
68000020,016,桃園市中壢區,普仁里,10003020,016,桃園縣中壢市,普仁里
68000020,017,桃園市中壢區,普義里,10003020,017,桃園縣中壢市,普義里
68000020,018,桃園市中壢區,忠義里,10003020,018,桃園縣中壢市,忠義里
68000020,019,桃園市中壢區,中正里,10003020,019,桃園縣中壢市,中正里
68000020,020,桃園市中壢區,興仁里,10003020,020,桃園縣中壢市,興仁里
68000020,021,桃園市中壢區,東興里,10003020,021,桃園縣中壢市,東興里
68000020,022,桃園市中壢區,洽溪里,10003020,022,桃園縣中壢市,洽溪里
68000020,023,桃園市中壢區,篤行里,10003020,023,桃園縣中壢市,篤行里
68000020,024,桃園市中壢區,新明里,10003020,024,桃園縣中壢市,新明里
68000020,025,桃園市中壢區,新興里,10003020,025,桃園縣中壢市,新興里
68000020,026,桃園市中壢區,中原里,10003020,026,桃園縣中壢市,中原里
68000020,027,桃園市中壢區,內定里,10003020,027,桃園縣中壢市,內定里
68000020,028,桃園市中壢區,中壢里,10003020,028,桃園縣中壢市,中壢里
68000020,029,桃園市中壢區,龍岡里,10003020,029,桃園縣中壢市,龍岡里
68000020,030,桃園市中壢區,仁祥里,10003020,030,桃園縣中壢市,仁祥里
68000020,031,桃園市中壢區,水尾里,10003020,031,桃園縣中壢市,水尾里
68000020,032,桃園市中壢區,青埔里,10003020,032,桃園縣中壢市,青埔里
68000020,033,桃園市中壢區,復興里,10003020,033,桃園縣中壢市,復興里
68000020,034,桃園市中壢區,文化里,10003020,034,桃園縣中壢市,文化里
68000020,035,桃園市中壢區,興國里,10003020,035,桃園縣中壢市,興國里
68000020,036,桃園市中壢區,忠福里,10003020,036,桃園縣中壢市,忠福里
68000020,037,桃園市中壢區,信義里,10003020,037,桃園縣中壢市,信義里
68000020,038,桃園市中壢區,石頭里,10003020,038,桃園縣中壢市,石頭里
68000020,039,桃園市中壢區,龍東里,10003020,039,桃園縣中壢市,龍東里
68000020,040,桃園市中壢區,中建里,10003020,040,桃園縣中壢市,中建里
68000020,041,桃園市中壢區,興南里,10003020,041,桃園縣中壢市,興南里
68000020,042,桃園市中壢區,後寮里,10003020,042,桃園縣中壢市,後寮里
68000020,043,桃園市中壢區,過嶺里,10003020,043,桃園縣中壢市,過嶺里
68000020,044,桃園市中壢區,五權里,10003020,044,桃園縣中壢市,五權里
68000020,045,桃園市中壢區,舊明里,10003020,045,桃園縣中壢市,舊明里
68000020,046,桃園市中壢區,芝芭里,10003020,046,桃園縣中壢市,芝芭里
68000020,047,桃園市中壢區,月眉里,10003020,047,桃園縣中壢市,月眉里
68000020,048,桃園市中壢區,三民里,10003020,048,桃園縣中壢市,三民里
68000020,049,桃園市中壢區,山東里,10003020,049,桃園縣中壢市,山東里
68000020,050,桃園市中壢區,中榮里,10003020,050,桃園縣中壢市,中榮里
68000020,051,桃園市中壢區,內厝里,10003020,051,桃園縣中壢市,內厝里
68000020,052,桃園市中壢區,振興里,10003020,052,桃園縣中壢市,振興里
68000020,053,桃園市中壢區,普慶里,10003020,053,桃園縣中壢市,普慶里
68000020,054,桃園市中壢區,興和里,10003020,054,桃園縣中壢市,興和里
68000020,055,桃園市中壢區,永光里,10003020,055,桃園縣中壢市,永光里
68000020,056,桃園市中壢區,復華里,10003020,056,桃園縣中壢市,復華里
68000020,057,桃園市中壢區,忠孝里,10003020,057,桃園縣中壢市,忠孝里
68000020,058,桃園市中壢區,福德里,10003020,058,桃園縣中壢市,福德里
68000020,059,桃園市中壢區,和平里,10003020,059,桃園縣中壢市,和平里
68000020,060,桃園市中壢區,普忠里,10003020,060,桃園縣中壢市,普忠里
68000020,061,桃園市中壢區,普強里,10003020,061,桃園縣中壢市,普強里
68000020,062,桃園市中壢區,明德里,10003020,062,桃園縣中壢市,明德里
68000020,063,桃園市中壢區,至善里,10003020,063,桃園縣中壢市,至善里
68000020,064,桃園市中壢區,五福里,10003020,064,桃園縣中壢市,五福里
68000020,065,桃園市中壢區,龍德里,10003020,065,桃園縣中壢市,龍德里
68000020,066,桃園市中壢區,正義里,10003020,066,桃園縣中壢市,正義里
68000020,067,桃園市中壢區,龍安里,10003020,067,桃園縣中壢市,龍安里
68000020,068,桃園市中壢區,中山里,10003020,068,桃園縣中壢市,中山里
68000020,069,桃園市中壢區,德義里,10003020,069,桃園縣中壢市,德義里
68000020,070,桃園市中壢區,仁義里,10003020,070,桃園縣中壢市,仁義里
68000020,071,桃園市中壢區,華勛里,10003020,071,桃園縣中壢市,華勛里
68000020,072,桃園市中壢區,仁福里,10003020,072,桃園縣中壢市,仁福里
68000020,073,桃園市中壢區,幸福里,10003020,073,桃園縣中壢市,幸福里
68000020,074,桃園市中壢區,永福里,10003020,074,桃園縣中壢市,永福里
68000020,075,桃園市中壢區,仁和里,10003020,075,桃園縣中壢市,仁和里
68000020,076,桃園市中壢區,華愛里,10003020,076,桃園縣中壢市,華愛里
68000020,077,桃園市中壢區,莊敬里,10003020,077,桃園縣中壢市,莊敬里
68000020,078,桃園市中壢區,自治里,10003020,078,桃園縣中壢市,自治里
68000020,079,桃園市中壢區,健行里,10003020,079,桃園縣中壢市,健行里
68000020,080,桃園市中壢區,興平里,10003020,080,桃園縣中壢市,興平里
68000020,081,桃園市中壢區,中興里,10003020,081,桃園縣中壢市,中興里
68000020,082,桃園市中壢區,龍慈里,10003020,082,桃園縣中壢市,龍慈里
68000020,083,桃園市中壢區,自信里,10003020,083,桃園縣中壢市,自信里
68000020,084,桃園市中壢區,林森里,10003020,084,桃園縣中壢市,林森里
68000020,085,桃園市中壢區,金華里,10003020,085,桃園縣中壢市,金華里
68000030,001,桃園市大溪區,興和里,10003030,001,桃園縣大溪鎮,興和里
68000030,002,桃園市大溪區,福仁里,10003030,002,桃園縣大溪鎮,福仁里
68000030,003,桃園市大溪區,一心里,10003030,003,桃園縣大溪鎮,一心里
68000030,004,桃園市大溪區,一德里,10003030,004,桃園縣大溪鎮,一德里
68000030,005,桃園市大溪區,月眉里,10003030,005,桃園縣大溪鎮,月眉里
68000030,006,桃園市大溪區,永福里,10003030,006,桃園縣大溪鎮,永福里
68000030,007,桃園市大溪區,美華里,10003030,007,桃園縣大溪鎮,美華里
68000030,008,桃園市大溪區,福安里,10003030,008,桃園縣大溪鎮,福安里
68000030,009,桃園市大溪區,復興里,10003030,009,桃園縣大溪鎮,復興里
68000030,010,桃園市大溪區,新峰里,10003030,010,桃園縣大溪鎮,新峰里
68000030,011,桃園市大溪區,康安里,10003030,011,桃園縣大溪鎮,康安里
68000030,012,桃園市大溪區,義和里,10003030,012,桃園縣大溪鎮,義和里
68000030,013,桃園市大溪區,瑞興里,10003030,013,桃園縣大溪鎮,瑞興里
68000030,014,桃園市大溪區,中新里,10003030,014,桃園縣大溪鎮,中新里
68000030,015,桃園市大溪區,仁義里,10003030,015,桃園縣大溪鎮,仁義里
68000030,016,桃園市大溪區,僑愛里,10003030,016,桃園縣大溪鎮,僑愛里
68000030,017,桃園市大溪區,仁善里,10003030,017,桃園縣大溪鎮,仁善里
68000030,018,桃園市大溪區,仁愛里,10003030,018,桃園縣大溪鎮,仁愛里
68000030,019,桃園市大溪區,仁武里,10003030,019,桃園縣大溪鎮,仁武里
68000030,020,桃園市大溪區,員林里,10003030,020,桃園縣大溪鎮,員林里
68000030,021,桃園市大溪區,南興里,10003030,021,桃園縣大溪鎮,南興里
68000030,022,桃園市大溪區,瑞源里,10003030,022,桃園縣大溪鎮,瑞源里
68000030,023,桃園市大溪區,光明里,10003030,023,桃園縣大溪鎮,光明里
68000030,024,桃園市大溪區,三元里,10003030,024,桃園縣大溪鎮,三元里
68000030,025,桃園市大溪區,田心里,10003030,025,桃園縣大溪鎮,田心里
68000030,026,桃園市大溪區,仁文里,10003030,026,桃園縣大溪鎮,仁文里
68000030,027,桃園市大溪區,仁和里,10003030,027,桃園縣大溪鎮,仁和里
68000040,001,桃園市楊梅區,楊梅里,10003040,001,桃園縣楊梅市,楊梅里
68000040,002,桃園市楊梅區,楊江里,10003040,002,桃園縣楊梅市,楊江里
68000040,003,桃園市楊梅區,紅梅里,10003040,003,桃園縣楊梅市,紅梅里
68000040,004,桃園市楊梅區,永寧里,10003040,004,桃園縣楊梅市,永寧里
68000040,005,桃園市楊梅區,大平里,10003040,005,桃園縣楊梅市,大平里
68000040,006,桃園市楊梅區,東流里,10003040,006,桃園縣楊梅市,東流里
68000040,007,桃園市楊梅區,水美里,10003040,007,桃園縣楊梅市,水美里
68000040,008,桃園市楊梅區,上田里,10003040,008,桃園縣楊梅市,上田里
68000040,009,桃園市楊梅區,梅新里,10003040,009,桃園縣楊梅市,梅新里
68000040,010,桃園市楊梅區,大同里,10003040,010,桃園縣楊梅市,大同里
68000040,011,桃園市楊梅區,埔心里,10003040,011,桃園縣楊梅市,埔心里
68000040,012,桃園市楊梅區,金龍里,10003040,012,桃園縣楊梅市,金龍里
68000040,013,桃園市楊梅區,瑞塘里,10003040,013,桃園縣楊梅市,瑞塘里
68000040,014,桃園市楊梅區,四維里,10003040,014,桃園縣楊梅市,四維里
68000040,015,桃園市楊梅區,梅溪里,10003040,015,桃園縣楊梅市,梅溪里
68000040,016,桃園市楊梅區,高山里,10003040,016,桃園縣楊梅市,高山里
68000040,017,桃園市楊梅區,高榮里,10003040,017,桃園縣楊梅市,高榮里
68000040,018,桃園市楊梅區,仁美里,10003040,018,桃園縣楊梅市,仁美里
68000040,019,桃園市楊梅區,光華里,10003040,019,桃園縣楊梅市,光華里
68000040,020,桃園市楊梅區,富岡里,10003040,020,桃園縣楊梅市,富岡里
68000040,021,桃園市楊梅區,豐野里,10003040,021,桃園縣楊梅市,豐野里
68000040,022,桃園市楊梅區,員本里,10003040,022,桃園縣楊梅市,員本里
68000040,023,桃園市楊梅區,瑞原里,10003040,023,桃園縣楊梅市,瑞原里
68000040,024,桃園市楊梅區,三湖里,10003040,024,桃園縣楊梅市,三湖里
68000040,025,桃園市楊梅區,上湖里,10003040,025,桃園縣楊梅市,上湖里
68000040,026,桃園市楊梅區,中山里,10003040,026,桃園縣楊梅市,中山里
68000040,027,桃園市楊梅區,楊明里,10003040,027,桃園縣楊梅市,楊明里
68000040,028,桃園市楊梅區,金溪里,10003040,028,桃園縣楊梅市,金溪里
68000040,029,桃園市楊梅區,裕成里,10003040,029,桃園縣楊梅市,裕成里
68000040,030,桃園市楊梅區,秀才里,10003040,030,桃園縣楊梅市,秀才里
68000040,031,桃園市楊梅區,青山里,10003040,031,桃園縣楊梅市,青山里
68000040,032,桃園市楊梅區,新榮里,10003040,032,桃園縣楊梅市,新榮里
68000040,033,桃園市楊梅區,雙榮里,10003040,033,桃園縣楊梅市,雙榮里
68000040,034,桃園市楊梅區,瑞坪里,10003040,034,桃園縣楊梅市,瑞坪里
68000040,035,桃園市楊梅區,永平里,10003040,035,桃園縣楊梅市,永平里
68000040,036,桃園市楊梅區,瑞溪里,10003040,036,桃園縣楊梅市,瑞溪里
68000040,037,桃園市楊梅區,高上里,10003040,037,桃園縣楊梅市,高上里
68000040,038,桃園市楊梅區,富豐里,10003040,038,桃園縣楊梅市,富豐里
68000040,039,桃園市楊梅區,裕新里,10003040,039,桃園縣楊梅市,裕新里
68000040,040,桃園市楊梅區,三民里,10003040,040,桃園縣楊梅市,三民里
68000040,041,桃園市楊梅區,頭湖里,10003040,041,桃園縣楊梅市,頭湖里
68000050,001,桃園市蘆竹區,新興里,10003050,001,桃園縣蘆竹市,新興里
68000050,002,桃園市蘆竹區,中福里,10003050,002,桃園縣蘆竹市,中福里
68000050,003,桃園市蘆竹區,新莊里,10003050,003,桃園縣蘆竹市,新莊里
68000050,004,桃園市蘆竹區,大竹里,10003050,004,桃園縣蘆竹市,大竹里
68000050,006,桃園市蘆竹區,蘆竹里,10003050,006,桃園縣蘆竹市,蘆竹里
68000050,007,桃園市蘆竹區,南崁里,10003050,007,桃園縣蘆竹市,南崁里
68000050,008,桃園市蘆竹區,錦興里,10003050,008,桃園縣蘆竹市,錦興里
68000050,009,桃園市蘆竹區,五福里,10003050,009,桃園縣蘆竹市,五福里
68000050,010,桃園市蘆竹區,內厝里,10003050,010,桃園縣蘆竹市,內厝里
68000050,011,桃園市蘆竹區,山鼻里,10003050,011,桃園縣蘆竹市,山鼻里
68000050,012,桃園市蘆竹區,山腳里,10003050,012,桃園縣蘆竹市,山腳里
68000050,013,桃園市蘆竹區,外社里,10003050,013,桃園縣蘆竹市,外社里
68000050,014,桃園市蘆竹區,坑子里,10003050,014,桃園縣蘆竹市,坑子里
68000050,015,桃園市蘆竹區,坑口里,10003050,015,桃園縣蘆竹市,坑口里
68000050,016,桃園市蘆竹區,海湖里,10003050,016,桃園縣蘆竹市,海湖里
68000050,017,桃園市蘆竹區,南榮里,10003050,017,桃園縣蘆竹市,南榮里
68000050,018,桃園市蘆竹區,南興里,10003050,018,桃園縣蘆竹市,南興里
68000050,019,桃園市蘆竹區,長興里,10003050,019,桃園縣蘆竹市,長興里
68000050,020,桃園市蘆竹區,錦中里,10003050,020,桃園縣蘆竹市,錦中里
68000050,021,桃園市蘆竹區,富竹里,10003050,021,桃園縣蘆竹市,富竹里
68000050,022,桃園市蘆竹區,上竹里,10003050,022,桃園縣蘆竹市,上竹里
68000050,023,桃園市蘆竹區,宏竹里,10003050,023,桃園縣蘆竹市,宏竹里
68000050,024,桃園市蘆竹區,瓦窯里,10003050,024,桃園縣蘆竹市,瓦窯里
68000050,025,桃園市蘆竹區,營盤里,10003050,025,桃園縣蘆竹市,營盤里
68000050,026,桃園市蘆竹區,羊稠里,10003050,026,桃園縣蘆竹市,羊稠里
68000050,027,桃園市蘆竹區,順興里,10003050,027,桃園縣蘆竹市,順興里
68000050,028,桃園市蘆竹區,福昌里,10003050,028,桃園縣蘆竹市,福昌里
68000050,029,桃園市蘆竹區,福興里,10003050,029,桃園縣蘆竹市,福興里
68000050,030,桃園市蘆竹區,蘆興里,10003050,030,桃園縣蘆竹市,蘆興里
68000050,031,桃園市蘆竹區,長壽里,10003050,031,桃園縣蘆竹市,長壽里
68000050,032,桃園市蘆竹區,吉祥里,10003050,032,桃園縣蘆竹市,吉祥里
68000050,033,桃園市蘆竹區,中山里,10003050,033,桃園縣蘆竹市,中山里
68000050,034,桃園市蘆竹區,福祿里,10003050,034,桃園縣蘆竹市,福祿里
68000050,035,桃園市蘆竹區,興榮里,10003050,035,桃園縣蘆竹市,興榮里
68000050,036,桃園市蘆竹區,中興里,10003050,036,桃園縣蘆竹市,中興里
68000050,037,桃園市蘆竹區,上興里,10003050,037,桃園縣蘆竹市,上興里
68000050,038,桃園市蘆竹區,營福里,10003050,038,桃園縣蘆竹市,營福里
68000060,001,桃園市大園區,大園里,10003060,001,桃園縣大園鄉,大園村
68000060,002,桃園市大園區,田心里,10003060,002,桃園縣大園鄉,田心村
68000060,003,桃園市大園區,溪海里,10003060,003,桃園縣大園鄉,溪海村
68000060,004,桃園市大園區,和平里,10003060,004,桃園縣大園鄉,和平村
68000060,005,桃園市大園區,橫峰里,10003060,005,桃園縣大園鄉,橫峰村
68000060,006,桃園市大園區,五權里,10003060,006,桃園縣大園鄉,五權村
68000060,007,桃園市大園區,埔心里,10003060,007,桃園縣大園鄉,埔心村
68000060,008,桃園市大園區,大海里,10003060,008,桃園縣大園鄉,大海村
68000060,010,桃園市大園區,三石里,10003060,010,桃園縣大園鄉,三石村
68000060,011,桃園市大園區,菓林里,10003060,011,桃園縣大園鄉,菓林村
68000060,012,桃園市大園區,竹圍里,10003060,012,桃園縣大園鄉,竹圍村
68000060,013,桃園市大園區,海口里,10003060,013,桃園縣大園鄉,海口村
68000060,014,桃園市大園區,沙崙里,10003060,014,桃園縣大園鄉,沙崙村
68000060,015,桃園市大園區,後厝里,10003060,015,桃園縣大園鄉,後厝村
68000060,016,桃園市大園區,圳頭里,10003060,016,桃園縣大園鄉,圳頭村
68000060,017,桃園市大園區,內海里,10003060,017,桃園縣大園鄉,內海村
68000060,018,桃園市大園區,北港里,10003060,018,桃園縣大園鄉,北港村
68000060,019,桃園市大園區,南港里,10003060,019,桃園縣大園鄉,南港村
68000070,001,桃園市龜山區,楓樹里,10003070,001,桃園縣龜山鄉,楓樹村
68000070,002,桃園市龜山區,龜山里,10003070,002,桃園縣龜山鄉,龜山村
68000070,003,桃園市龜山區,兔坑里,10003070,003,桃園縣龜山鄉,兔坑村
68000070,004,桃園市龜山區,大同里,10003070,004,桃園縣龜山鄉,大同村
68000070,005,桃園市龜山區,山福里,10003070,005,桃園縣龜山鄉,山福村
68000070,006,桃園市龜山區,山頂里,10003070,006,桃園縣龜山鄉,山頂村
68000070,007,桃園市龜山區,陸光里,10003070,007,桃園縣龜山鄉,陸光村
68000070,008,桃園市龜山區,精忠里,10003070,008,桃園縣龜山鄉,精忠村
68000070,009,桃園市龜山區,公西里,10003070,009,桃園縣龜山鄉,公西村
68000070,010,桃園市龜山區,樂善里,10003070,010,桃園縣龜山鄉,樂善村
68000070,011,桃園市龜山區,南上里,10003070,011,桃園縣龜山鄉,南上村
68000070,012,桃園市龜山區,大坑里,10003070,012,桃園縣龜山鄉,大坑村
68000070,013,桃園市龜山區,中興里,10003070,013,桃園縣龜山鄉,中興村
68000070,014,桃園市龜山區,山德里,10003070,014,桃園縣龜山鄉,山德村
68000070,015,桃園市龜山區,新路里,10003070,015,桃園縣龜山鄉,新路村
68000070,016,桃園市龜山區,嶺頂里,10003070,016,桃園縣龜山鄉,嶺頂村
68000070,017,桃園市龜山區,龍壽里,10003070,017,桃園縣龜山鄉,龍壽村
68000070,018,桃園市龜山區,舊路里,10003070,018,桃園縣龜山鄉,舊路村
68000070,019,桃園市龜山區,大崗里,10003070,019,桃園縣龜山鄉,大崗村
68000070,020,桃園市龜山區,文化里,10003070,020,桃園縣龜山鄉,文化村
68000070,021,桃園市龜山區,南美里,10003070,021,桃園縣龜山鄉,南美村
68000070,022,桃園市龜山區,幸福里,10003070,022,桃園縣龜山鄉,幸福村
68000070,023,桃園市龜山區,福源里,10003070,023,桃園縣龜山鄉,福源村
68000070,024,桃園市龜山區,龍華里,10003070,024,桃園縣龜山鄉,龍華村
68000070,025,桃園市龜山區,迴龍里,10003070,025,桃園縣龜山鄉,迴龍村
68000070,026,桃園市龜山區,新嶺里,10003070,026,桃園縣龜山鄉,新嶺村
68000070,027,桃園市龜山區,大湖里,10003070,027,桃園縣龜山鄉,大湖村
68000070,028,桃園市龜山區,大華里,10003070,028,桃園縣龜山鄉,大華村
68000070,029,桃園市龜山區,長庚里,10003070,029,桃園縣龜山鄉,長庚村
68000070,030,桃園市龜山區,新興里,10003070,030,桃園縣龜山鄉,新興村
68000080,001,桃園市八德區,興仁里,10003080,001,桃園縣八德市,興仁里
68000080,002,桃園市八德區,福興里,10003080,002,桃園縣八德市,福興里
68000080,003,桃園市八德區,瑞豐里,10003080,003,桃園縣八德市,瑞豐里
68000080,004,桃園市八德區,瑞發里,10003080,004,桃園縣八德市,瑞發里
68000080,005,桃園市八德區,瑞德里,10003080,005,桃園縣八德市,瑞德里
68000080,006,桃園市八德區,瑞祥里,10003080,006,桃園縣八德市,瑞祥里
68000080,007,桃園市八德區,廣興里,10003080,007,桃園縣八德市,廣興里
68000080,008,桃園市八德區,廣隆里,10003080,008,桃園縣八德市,廣隆里
68000080,009,桃園市八德區,竹園里,10003080,009,桃園縣八德市,竹園里
68000080,010,桃園市八德區,霄裡里,10003080,010,桃園縣八德市,霄裡里
68000080,011,桃園市八德區,茄苳里,10003080,011,桃園縣八德市,茄苳里
68000080,012,桃園市八德區,高明里,10003080,012,桃園縣八德市,高明里
68000080,013,桃園市八德區,白鷺里,10003080,013,桃園縣八德市,白鷺里
68000080,014,桃園市八德區,大湳里,10003080,014,桃園縣八德市,大湳里
68000080,015,桃園市八德區,大安里,10003080,015,桃園縣八德市,大安里
68000080,016,桃園市八德區,大興里,10003080,016,桃園縣八德市,大興里
68000080,017,桃園市八德區,大和里,10003080,017,桃園縣八德市,大和里
68000080,018,桃園市八德區,大同里,10003080,018,桃園縣八德市,大同里
68000080,019,桃園市八德區,大成里,10003080,019,桃園縣八德市,大成里
68000080,020,桃園市八德區,大義里,10003080,020,桃園縣八德市,大義里
68000080,021,桃園市八德區,大忠里,10003080,021,桃園縣八德市,大忠里
68000080,022,桃園市八德區,大福里,10003080,022,桃園縣八德市,大福里
68000080,023,桃園市八德區,大勇里,10003080,023,桃園縣八德市,大勇里
68000080,024,桃園市八德區,大信里,10003080,024,桃園縣八德市,大信里
68000080,025,桃園市八德區,大華里,10003080,025,桃園縣八德市,大華里
68000080,026,桃園市八德區,大仁里,10003080,026,桃園縣八德市,大仁里
68000080,027,桃園市八德區,大智里,10003080,027,桃園縣八德市,大智里
68000080,028,桃園市八德區,瑞泰里,10003080,028,桃園縣八德市,瑞泰里
68000080,029,桃園市八德區,大昌里,10003080,029,桃園縣八德市,大昌里
68000080,030,桃園市八德區,大正里,10003080,030,桃園縣八德市,大正里
68000080,031,桃園市八德區,大強里,10003080,031,桃園縣八德市,大強里
68000080,032,桃園市八德區,大發里,10003080,032,桃園縣八德市,大發里
68000080,033,桃園市八德區,大明里,10003080,033,桃園縣八德市,大明里
68000080,034,桃園市八德區,大竹里,10003080,034,桃園縣八德市,大竹里
68000080,035,桃園市八德區,大慶里,10003080,035,桃園縣八德市,大慶里
68000080,036,桃園市八德區,大千里,10003080,036,桃園縣八德市,大千里
68000080,037,桃園市八德區,大榮里,10003080,037,桃園縣八德市,大榮里
68000080,038,桃園市八德區,茄明里,10003080,038,桃園縣八德市,茄明里
68000080,039,桃園市八德區,高城里,10003080,039,桃園縣八德市,高城里
68000080,040,桃園市八德區,瑞興里,10003080,040,桃園縣八德市,瑞興里
68000080,041,桃園市八德區,大愛里,10003080,041,桃園縣八德市,大愛里
68000080,042,桃園市八德區,大宏里,10003080,042,桃園縣八德市,大宏里
68000080,043,桃園市八德區,大漢里,10003080,043,桃園縣八德市,大漢里
68000080,044,桃園市八德區,廣德里,10003080,044,桃園縣八德市,廣德里
68000080,045,桃園市八德區,龍友里,10003080,045,桃園縣八德市,龍友里
68000080,046,桃園市八德區,陸光里,10003080,046,桃園縣八德市,陸光里
68000080,047,桃園市八德區,永豐里,10003080,047,桃園縣八德市,永豐里
68000080,048,桃園市八德區,大順里,10003080,048,桃園縣八德市,大順里
68000090,001,桃園市龍潭區,黃唐里,10003090,001,桃園縣龍潭鄉,黃唐村
68000090,002,桃園市龍潭區,中山里,10003090,002,桃園縣龍潭鄉,中山村
68000090,003,桃園市龍潭區,烏林里,10003090,003,桃園縣龍潭鄉,烏林村
68000090,004,桃園市龍潭區,高平里,10003090,004,桃園縣龍潭鄉,高平村
68000090,006,桃園市龍潭區,凌雲里,10003090,006,桃園縣龍潭鄉,凌雲村
68000090,007,桃園市龍潭區,八德里,10003090,007,桃園縣龍潭鄉,八德村
68000090,008,桃園市龍潭區,三水里,10003090,008,桃園縣龍潭鄉,三水村
68000090,009,桃園市龍潭區,上林里,10003090,009,桃園縣龍潭鄉,上林村
68000090,010,桃園市龍潭區,中正里,10003090,010,桃園縣龍潭鄉,中正村
68000090,011,桃園市龍潭區,龍潭里,10003090,011,桃園縣龍潭鄉,龍潭村
68000090,012,桃園市龍潭區,高原里,10003090,012,桃園縣龍潭鄉,高原村
68000090,013,桃園市龍潭區,九龍里,10003090,013,桃園縣龍潭鄉,九龍村
68000090,014,桃園市龍潭區,中興里,10003090,014,桃園縣龍潭鄉,中興村
68000090,015,桃園市龍潭區,佳安里,10003090,015,桃園縣龍潭鄉,佳安村
68000090,016,桃園市龍潭區,三和里,10003090,016,桃園縣龍潭鄉,三和村
68000090,017,桃園市龍潭區,三坑里,10003090,017,桃園縣龍潭鄉,三坑村
68000090,018,桃園市龍潭區,大平里,10003090,018,桃園縣龍潭鄉,大平村
68000090,019,桃園市龍潭區,三林里,10003090,019,桃園縣龍潭鄉,三林村
68000090,020,桃園市龍潭區,永興里,10003090,020,桃園縣龍潭鄉,永興村
68000090,021,桃園市龍潭區,烏樹林里,10003090,021,桃園縣龍潭鄉,烏樹林村
68000090,022,桃園市龍潭區,百年里,10003090,022,桃園縣龍潭鄉,百年村
68000090,023,桃園市龍潭區,龍祥里,10003090,023,桃園縣龍潭鄉,龍祥村
68000090,024,桃園市龍潭區,聖德里,10003090,024,桃園縣龍潭鄉,聖德村
68000090,025,桃園市龍潭區,龍星里,10003090,025,桃園縣龍潭鄉,龍星村
68000090,026,桃園市龍潭區,上華里,10003090,026,桃園縣龍潭鄉,上華村
68000090,027,桃園市龍潭區,武漢里,10003090,027,桃園縣龍潭鄉,武漢村
68000090,028,桃園市龍潭區,東興里,10003090,028,桃園縣龍潭鄉,東興村
68000090,029,桃園市龍潭區,北興里,10003090,029,桃園縣龍潭鄉,北興村
68000090,030,桃園市龍潭區,建林里,10003090,030,桃園縣龍潭鄉,建林村
68000090,031,桃園市龍潭區,富林里,10003090,031,桃園縣龍潭鄉,富林村
68000100,001,桃園市平鎮區,雙連里,10003100,001,桃園縣平鎮市,雙連里
68000100,002,桃園市平鎮區,高雙里,10003100,002,桃園縣平鎮市,高雙里
68000100,003,桃園市平鎮區,復旦里,10003100,003,桃園縣平鎮市,復旦里
68000100,004,桃園市平鎮區,廣興里,10003100,004,桃園縣平鎮市,廣興里
68000100,005,桃園市平鎮區,義民里,10003100,005,桃園縣平鎮市,義民里
68000100,006,桃園市平鎮區,宋屋里,10003100,006,桃園縣平鎮市,宋屋里
68000100,007,桃園市平鎮區,新勢里,10003100,007,桃園縣平鎮市,新勢里
68000100,008,桃園市平鎮區,新富里,10003100,008,桃園縣平鎮市,新富里
68000100,009,桃園市平鎮區,北勢里,10003100,009,桃園縣平鎮市,北勢里
68000100,010,桃園市平鎮區,北興里,10003100,010,桃園縣平鎮市,北興里
68000100,011,桃園市平鎮區,北貴里,10003100,011,桃園縣平鎮市,北貴里
68000100,012,桃園市平鎮區,平鎮里,10003100,012,桃園縣平鎮市,平鎮里
68000100,013,桃園市平鎮區,南勢里,10003100,013,桃園縣平鎮市,南勢里
68000100,014,桃園市平鎮區,莊敬里,10003100,014,桃園縣平鎮市,莊敬里
68000100,015,桃園市平鎮區,山峰里,10003100,015,桃園縣平鎮市,山峰里
68000100,016,桃園市平鎮區,湧光里,10003100,016,桃園縣平鎮市,湧光里
68000100,017,桃園市平鎮區,龍恩里,10003100,017,桃園縣平鎮市,龍恩里
68000100,018,桃園市平鎮區,東社里,10003100,018,桃園縣平鎮市,東社里
68000100,019,桃園市平鎮區,龍興里,10003100,019,桃園縣平鎮市,龍興里
68000100,020,桃園市平鎮區,貿易里,10003100,020,桃園縣平鎮市,貿易里
68000100,021,桃園市平鎮區,忠貞里,10003100,021,桃園縣平鎮市,忠貞里
68000100,022,桃園市平鎮區,中正里,10003100,022,桃園縣平鎮市,中正里
68000100,023,桃園市平鎮區,建安里,10003100,023,桃園縣平鎮市,建安里
68000100,024,桃園市平鎮區,東勢里,10003100,024,桃園縣平鎮市,東勢里
68000100,025,桃園市平鎮區,東安里,10003100,025,桃園縣平鎮市,東安里
68000100,026,桃園市平鎮區,新安里,10003100,026,桃園縣平鎮市,新安里
68000100,027,桃園市平鎮區,鎮興里,10003100,027,桃園縣平鎮市,鎮興里
68000100,028,桃園市平鎮區,義興里,10003100,028,桃園縣平鎮市,義興里
68000100,029,桃園市平鎮區,湧豐里,10003100,029,桃園縣平鎮市,湧豐里
68000100,030,桃園市平鎮區,湧安里,10003100,030,桃園縣平鎮市,湧安里
68000100,031,桃園市平鎮區,廣達里,10003100,031,桃園縣平鎮市,廣達里
68000100,032,桃園市平鎮區,福林里,10003100,032,桃園縣平鎮市,福林里
68000100,033,桃園市平鎮區,金星里,10003100,033,桃園縣平鎮市,金星里
68000100,034,桃園市平鎮區,廣仁里,10003100,034,桃園縣平鎮市,廣仁里
68000100,035,桃園市平鎮區,新貴里,10003100,035,桃園縣平鎮市,新貴里
68000100,036,桃園市平鎮區,北富里,10003100,036,桃園縣平鎮市,北富里
68000100,037,桃園市平鎮區,新榮里,10003100,037,桃園縣平鎮市,新榮里
68000100,038,桃園市平鎮區,華安里,10003100,038,桃園縣平鎮市,華安里
68000100,039,桃園市平鎮區,金陵里,10003100,039,桃園縣平鎮市,金陵里
68000100,040,桃園市平鎮區,北安里,10003100,040,桃園縣平鎮市,北安里
68000100,041,桃園市平鎮區,北華里,10003100,041,桃園縣平鎮市,北華里
68000100,042,桃園市平鎮區,復興里,10003100,042,桃園縣平鎮市,復興里
68000100,043,桃園市平鎮區,平興里,10003100,043,桃園縣平鎮市,平興里
68000100,044,桃園市平鎮區,新英里,10003100,044,桃園縣平鎮市,新英里
68000100,045,桃園市平鎮區,平安里,10003100,045,桃園縣平鎮市,平安里
68000100,046,桃園市平鎮區,平南里,10003100,046,桃園縣平鎮市,平南里
68000110,001,桃園市新屋區,新屋里,10003110,001,桃園縣新屋鄉,新屋村
68000110,002,桃園市新屋區,新生里,10003110,002,桃園縣新屋鄉,新生村
68000110,003,桃園市新屋區,後湖里,10003110,003,桃園縣新屋鄉,後湖村
68000110,004,桃園市新屋區,清華里,10003110,004,桃園縣新屋鄉,清華村
68000110,005,桃園市新屋區,頭洲里,10003110,005,桃園縣新屋鄉,頭洲村
68000110,006,桃園市新屋區,埔頂里,10003110,006,桃園縣新屋鄉,埔頂村
68000110,007,桃園市新屋區,九斗里,10003110,007,桃園縣新屋鄉,九斗村
68000110,008,桃園市新屋區,社子里,10003110,008,桃園縣新屋鄉,社子村
68000110,009,桃園市新屋區,東明里,10003110,009,桃園縣新屋鄉,東明村
68000110,010,桃園市新屋區,石磊里,10003110,010,桃園縣新屋鄉,石磊村
68000110,011,桃園市新屋區,下埔里,10003110,011,桃園縣新屋鄉,下埔村
68000110,012,桃園市新屋區,下田里,10003110,012,桃園縣新屋鄉,下田村
68000110,013,桃園市新屋區,石牌里,10003110,013,桃園縣新屋鄉,石牌村
68000110,014,桃園市新屋區,赤欄里,10003110,014,桃園縣新屋鄉,赤欄村
68000110,015,桃園市新屋區,永興里,10003110,015,桃園縣新屋鄉,永興村
68000110,016,桃園市新屋區,永安里,10003110,016,桃園縣新屋鄉,永安村
68000110,017,桃園市新屋區,笨港里,10003110,017,桃園縣新屋鄉,笨港村
68000110,018,桃園市新屋區,深圳里,10003110,018,桃園縣新屋鄉,深圳村
68000110,019,桃園市新屋區,蚵間里,10003110,019,桃園縣新屋鄉,蚵間村
68000110,020,桃園市新屋區,槺榔里,10003110,020,桃園縣新屋鄉,槺榔村
68000110,021,桃園市新屋區,後庄里,10003110,021,桃園縣新屋鄉,後庄村
68000110,022,桃園市新屋區,大坡里,10003110,022,桃園縣新屋鄉,大坡村
68000110,023,桃園市新屋區,望間里,10003110,023,桃園縣新屋鄉,望間村
68000120,001,桃園市觀音區,觀音里,10003120,001,桃園縣觀音鄉,觀音村
68000120,002,桃園市觀音區,白玉里,10003120,002,桃園縣觀音鄉,白玉村
68000120,003,桃園市觀音區,廣興里,10003120,003,桃園縣觀音鄉,廣興村
68000120,004,桃園市觀音區,大潭里,10003120,004,桃園縣觀音鄉,大潭村
68000120,005,桃園市觀音區,武威里,10003120,005,桃園縣觀音鄉,武威村
68000120,006,桃園市觀音區,保生里,10003120,006,桃園縣觀音鄉,保生村
68000120,007,桃園市觀音區,三和里,10003120,007,桃園縣觀音鄉,三和村
68000120,008,桃園市觀音區,新興里,10003120,008,桃園縣觀音鄉,新興村
68000120,009,桃園市觀音區,坑尾里,10003120,009,桃園縣觀音鄉,坑尾村
68000120,010,桃園市觀音區,金湖里,10003120,010,桃園縣觀音鄉,金湖村
68000120,011,桃園市觀音區,藍埔里,10003120,011,桃園縣觀音鄉,藍埔村
68000120,012,桃園市觀音區,大同里,10003120,012,桃園縣觀音鄉,大同村
68000120,013,桃園市觀音區,大堀里,10003120,013,桃園縣觀音鄉,大堀村
68000120,014,桃園市觀音區,崙坪里,10003120,014,桃園縣觀音鄉,崙坪村
68000120,015,桃園市觀音區,富源里,10003120,015,桃園縣觀音鄉,富源村
68000120,016,桃園市觀音區,上大里,10003120,016,桃園縣觀音鄉,上大村
68000120,017,桃園市觀音區,新坡里,10003120,017,桃園縣觀音鄉,新坡村
68000120,018,桃園市觀音區,廣福里,10003120,018,桃園縣觀音鄉,廣福村
68000120,019,桃園市觀音區,塔腳里,10003120,019,桃園縣觀音鄉,塔腳村
68000120,020,桃園市觀音區,保障里,10003120,020,桃園縣觀音鄉,保障村
68000120,021,桃園市觀音區,草漯里,10003120,021,桃園縣觀音鄉,草漯村
68000120,022,桃園市觀音區,樹林里,10003120,022,桃園縣觀音鄉,樹林村
68000120,023,桃園市觀音區,富林里,10003120,023,桃園縣觀音鄉,富林村
68000120,024,桃園市觀音區,草新里,10003120,024,桃園縣觀音鄉,草新村
68000130,001,桃園市復興區,三民里,10003130,001,桃園縣復興鄉,三民村
68000130,002,桃園市復興區,澤仁里,10003130,002,桃園縣復興鄉,澤仁村
68000130,003,桃園市復興區,義盛里,10003130,003,桃園縣復興鄉,義盛村
68000130,004,桃園市復興區,霞雲里,10003130,004,桃園縣復興鄉,霞雲村
68000130,005,桃園市復興區,長興里,10003130,005,桃園縣復興鄉,長興村
68000130,006,桃園市復興區,三光里,10003130,006,桃園縣復興鄉,三光村
68000130,007,桃園市復興區,奎輝里,10003130,007,桃園縣復興鄉,奎輝村
68000130,008,桃園市復興區,華陵里,10003130,008,桃園縣復興鄉,華陵村
68000130,009,桃園市復興區,羅浮里,10003130,009,桃園縣復興鄉,羅浮村
68000130,010,桃園市復興區,高義里,10003130,010,桃園縣復興鄉,高義村
